ID,category
478,Restaurants
3490,Restaurants
2705,Restaurants
1973,Restaurants
369,Restaurants
1321,Restaurants
1580,Restaurants
388,Restaurants
3033,Restaurants
3152,Restaurants
1175,Restaurants
1811,Restaurants
130,Restaurants
1114,Restaurants
3226,Restaurants
2000,Restaurants
1715,Restaurants
3559,Restaurants
1068,Restaurants
2154,Restaurants
649,Restaurants
1126,Restaurants
2159,Restaurants
216,Restaurants
2550,Restaurants
24,Restaurants
2736,Restaurants
3467,Restaurants
3361,Restaurants
1431,Restaurants
1159,Restaurants
2387,Restaurants
2482,Restaurants
1317,Restaurants
1848,Restaurants
49,Restaurants
3171,Restaurants
172,Restaurants
3452,Restaurants
2754,Restaurants
3374,Restaurants
2221,Restaurants
1486,Restaurants
786,Restaurants
1539,Restaurants
313,Restaurants
304,Restaurants
475,Restaurants
1145,Restaurants
3239,Restaurants
3262,Restaurants
2067,Restaurants
737,Restaurants
1239,Restaurants
448,Restaurants
440,Restaurants
2753,Restaurants
3431,Restaurants
2095,Restaurants
137,Restaurants
2234,Restaurants
2388,Restaurants
963,Restaurants
742,Restaurants
402,Restaurants
851,Restaurants
3310,Restaurants
1268,Restaurants
2152,Restaurants
2734,Restaurants
479,Restaurants
3151,Restaurants
1144,Restaurants
2141,Restaurants
1285,Restaurants
189,Restaurants
1570,Restaurants
2245,Restaurants
561,Restaurants
2930,Restaurants
1799,Restaurants
1433,Restaurants
271,Restaurants
772,Restaurants
1818,Restaurants
254,Restaurants
3181,Restaurants
3038,Restaurants
1327,Restaurants
1621,Restaurants
1187,Restaurants
787,Restaurants
3516,Restaurants
2645,Restaurants
1050,Restaurants
1783,Restaurants
1200,Restaurants
2104,Restaurants
289,Restaurants
1884,Restaurants
3396,Restaurants
534,Restaurants
3466,Restaurants
2695,Restaurants
2752,Restaurants
3464,Restaurants
2967,Restaurants
2553,Restaurants
637,Restaurants
2804,Restaurants
2781,Restaurants
290,Restaurants
3435,Restaurants
1735,Restaurants
3160,Restaurants
2819,Restaurants
2663,Restaurants
2887,Restaurants
3232,Restaurants
252,Restaurants
2662,Restaurants
2772,Restaurants
1824,Restaurants
1439,Restaurants
918,Restaurants
2873,Restaurants
1718,Restaurants
3092,Restaurants
3540,Restaurants
1490,Restaurants
2306,Restaurants
3332,Restaurants
3482,Restaurants
2435,Restaurants
3223,Restaurants
896,Restaurants
3021,Restaurants
2401,Restaurants
3058,Restaurants
1334,Restaurants
746,Restaurants
2981,Restaurants
1912,Restaurants
2962,Restaurants
364,Restaurants
3519,Restaurants
2702,Restaurants
2631,Restaurants
3077,Restaurants
374,Restaurants
672,Restaurants
1802,Restaurants
1693,Restaurants
171,Restaurants
324,Restaurants
3155,Restaurants
0,Restaurants
1598,Restaurants
3235,Restaurants
1787,Restaurants
891,Restaurants
3096,Restaurants
1234,Restaurants
3100,Restaurants
2128,Restaurants
2223,Restaurants
1691,Restaurants
1645,Restaurants
1152,Restaurants
2011,Restaurants
3510,Restaurants
2639,Restaurants
3054,Restaurants
6,Restaurants
2002,Restaurants
2703,Restaurants
270,Restaurants
3552,Restaurants
3520,Restaurants
633,Restaurants
1405,Restaurants
1250,Restaurants
1610,Restaurants
2506,Restaurants
110,Restaurants
526,Restaurants
683,Restaurants
3048,Restaurants
592,Restaurants
2975,Restaurants
3433,Restaurants
117,Restaurants
4,Restaurants
2773,Restaurants
65,Restaurants
1406,Restaurants
3291,Restaurants
1904,Restaurants
1507,Restaurants
3429,Restaurants
642,Restaurants
3268,Restaurants
2395,Restaurants
1302,Restaurants
3478,Restaurants
1700,Restaurants
1030,Restaurants
1024,Restaurants
913,Restaurants
2607,Restaurants
1354,Restaurants
3555,Restaurants
2674,Restaurants
738,Restaurants
2535,Restaurants
2835,Restaurants
2380,Restaurants
1591,Restaurants
590,Restaurants
2213,Restaurants
2263,Restaurants
3536,Restaurants
188,Restaurants
3321,Restaurants
405,Restaurants
853,Restaurants
1411,Restaurants
799,Restaurants
2760,Restaurants
2347,Restaurants
434,Restaurants
1280,Restaurants
1105,Restaurants
2420,Restaurants
3528,Restaurants
2491,Restaurants
1304,Restaurants
3543,Restaurants
2155,Restaurants
3264,Restaurants
98,Restaurants
2519,Restaurants
1872,Restaurants
3459,Restaurants
451,Restaurants
1970,Restaurants
1716,Restaurants
3089,Restaurants
1366,Restaurants
2010,Restaurants
2490,Restaurants
251,Restaurants
485,Restaurants
46,Restaurants
1117,Restaurants
2431,Restaurants
525,Restaurants
2399,Restaurants
2133,Restaurants
142,Restaurants
890,Restaurants
3208,Restaurants
469,Restaurants
1556,Restaurants
389,Restaurants
3512,Restaurants
895,Restaurants
2560,Restaurants
1363,Restaurants
3297,Restaurants
1529,Restaurants
84,Restaurants
3401,Restaurants
2446,Restaurants
2882,Restaurants
427,Restaurants
3363,Restaurants
1870,Restaurants
1155,Restaurants
2364,Restaurants
1371,Restaurants
1180,Restaurants
44,Restaurants
1909,Restaurants
1868,Restaurants
929,Restaurants
2412,Restaurants
1425,Restaurants
2480,Restaurants
1943,Restaurants
3445,Restaurants
3218,Restaurants
2005,Restaurants
2837,Restaurants
3370,Restaurants
1887,Restaurants
1984,Restaurants
2879,Restaurants
1566,Restaurants
154,Restaurants
1550,Restaurants
2315,Restaurants
2089,Restaurants
124,Restaurants
356,Restaurants
745,Restaurants
1936,Restaurants
3340,Restaurants
870,Restaurants
1641,Restaurants
1040,Restaurants
1860,Restaurants
1414,Restaurants
1012,Restaurants
2385,Restaurants
3144,Restaurants
3475,Restaurants
2969,Restaurants
1139,Restaurants
3273,Restaurants
2145,Restaurants
2606,Restaurants
904,Restaurants
1809,Restaurants
303,Restaurants
1095,Restaurants
437,Restaurants
2898,Restaurants
3202,Restaurants
3442,Restaurants
938,Restaurants
1994,Restaurants
1008,Restaurants
3422,Restaurants
3377,Restaurants
759,Restaurants
2796,Restaurants
1588,Restaurants
3101,Restaurants
156,Restaurants
202,Restaurants
2143,Restaurants
1329,Restaurants
789,Restaurants
2600,Restaurants
71,Restaurants
2161,Restaurants
2016,Restaurants
958,Restaurants
3204,Restaurants
321,Restaurants
1633,Restaurants
1999,Restaurants
3547,Restaurants
555,Restaurants
2720,Restaurants
3102,Restaurants
2948,Restaurants
538,Restaurants
2054,Restaurants
1303,Restaurants
1722,Restaurants
2025,Restaurants
3473,Restaurants
556,Restaurants
1408,Restaurants
1003,Restaurants
2358,Restaurants
1458,Restaurants
845,Restaurants
2495,Restaurants
193,Restaurants
2336,Restaurants
720,Restaurants
612,Restaurants
645,Restaurants
1141,Restaurants
1413,Restaurants
1658,Restaurants
1888,Restaurants
2842,Restaurants
865,Restaurants
1611,Restaurants
2411,Restaurants
661,Restaurants
2140,Restaurants
785,Restaurants
536,Restaurants
34,Restaurants
2425,Restaurants
1601,Restaurants
601,Restaurants
2131,Restaurants
723,Restaurants
2585,Restaurants
2196,Restaurants
2536,Restaurants
229,Restaurants
953,Restaurants
3395,Restaurants
1223,Restaurants
3186,Restaurants
1436,Restaurants
1675,Restaurants
3385,Restaurants
56,Restaurants
702,Restaurants
3440,Restaurants
1288,Restaurants
1275,Restaurants
3272,Restaurants
1115,Restaurants
1396,Restaurants
2601,Restaurants
2235,Restaurants
767,Restaurants
2521,Restaurants
2496,Restaurants
1741,Restaurants
2462,Restaurants
2860,Restaurants
3132,Restaurants
3085,Restaurants
2846,Restaurants
2917,Restaurants
10,Restaurants
3188,Restaurants
1253,Restaurants
1821,Restaurants
2198,Restaurants
673,Restaurants
1365,Restaurants
315,Restaurants
2557,Restaurants
792,Restaurants
826,Restaurants
1296,Restaurants
1745,Restaurants
1214,Restaurants
3408,Restaurants
1064,Restaurants
1673,Restaurants
2144,Restaurants
3372,Restaurants
2029,Restaurants
1766,Restaurants
676,Restaurants
1006,Restaurants
803,Restaurants
316,Restaurants
2515,Restaurants
1525,Restaurants
2018,Restaurants
947,Restaurants
109,Restaurants
199,Restaurants
1083,Restaurants
811,Restaurants
1027,Restaurants
636,Restaurants
43,Restaurants
1762,Restaurants
685,Restaurants
2979,Restaurants
1602,Restaurants
1332,Restaurants
2105,Restaurants
1496,Restaurants
1472,Restaurants
2988,Restaurants
3068,Restaurants
1256,Restaurants
2732,Restaurants
1980,Restaurants
1972,Restaurants
1154,Restaurants
2816,Restaurants
3415,Restaurants
75,Restaurants
1656,Restaurants
3518,Restaurants
1952,Restaurants
118,Restaurants
278,Restaurants
941,Restaurants
779,Restaurants
2687,Restaurants
2037,Restaurants
2647,Restaurants
2362,Restaurants
1157,Restaurants
406,Restaurants
3278,Restaurants
164,Restaurants
3411,Restaurants
1613,Restaurants
3084,Restaurants
1826,Restaurants
2069,Restaurants
2840,Restaurants
2283,Restaurants
1843,Restaurants
1248,Restaurants
69,Restaurants
1121,Restaurants
919,Restaurants
3250,Restaurants
1944,Restaurants
2174,Restaurants
1695,Restaurants
2368,Restaurants
2848,Restaurants
1522,Restaurants
384,Restaurants
3002,Restaurants
840,Restaurants
3127,Restaurants
2498,Restaurants
3494,Restaurants
2478,Restaurants
1267,Restaurants
1013,Restaurants
409,Restaurants
781,Restaurants
211,Restaurants
2014,Restaurants
1977,Restaurants
2902,Restaurants
445,Restaurants
867,Restaurants
3315,Restaurants
2616,Restaurants
177,Restaurants
2058,Restaurants
1846,Restaurants
422,Restaurants
1814,Restaurants
1990,Restaurants
1,Restaurants
3342,Restaurants
3347,Restaurants
2026,Restaurants
1903,Restaurants
2188,Restaurants
305,Restaurants
1090,Restaurants
308,Restaurants
2660,Restaurants
2019,Restaurants
2124,Restaurants
2987,Restaurants
979,Restaurants
2337,Restaurants
2424,Restaurants
1350,Restaurants
2696,Restaurants
454,Restaurants
3525,Restaurants
1023,Restaurants
2237,Restaurants
531,Restaurants
549,Restaurants
2505,Restaurants
1776,Restaurants
3072,Restaurants
3286,Restaurants
2379,Restaurants
2429,Restaurants
1492,Restaurants
2978,Restaurants
2287,Restaurants
3542,Restaurants
1928,Restaurants
1289,Restaurants
2075,Restaurants
1491,Restaurants
3301,Restaurants
1731,Restaurants
982,Restaurants
1577,Restaurants
344,Restaurants
3036,Restaurants
2034,Restaurants
2165,Restaurants
3074,Restaurants
3522,Restaurants
3517,Restaurants
2626,Restaurants
3173,Restaurants
3356,Restaurants
1924,Restaurants
1088,Restaurants
516,Restaurants
677,Restaurants
1488,Restaurants
3283,Restaurants
1915,Restaurants
2763,Restaurants
3057,Restaurants
488,Restaurants
1698,Restaurants
575,Restaurants
439,Restaurants
2581,Restaurants
2258,Restaurants
1660,Restaurants
2693,Restaurants
3443,Restaurants
3441,Restaurants
3061,Restaurants
1108,Restaurants
554,Restaurants
984,Restaurants
1016,Restaurants
1348,Restaurants
2091,Restaurants
954,Restaurants
2518,Restaurants
2274,Restaurants
3254,Restaurants
2812,Restaurants
1319,Restaurants
458,Restaurants
3136,Restaurants
2966,Restaurants
2679,Restaurants
1822,Restaurants
1874,Restaurants
1211,Restaurants
664,Restaurants
2935,Restaurants
3304,Restaurants
2043,Restaurants
948,Restaurants
99,Restaurants
2100,Restaurants
495,Restaurants
925,Restaurants
969,Restaurants
2711,Restaurants
756,Restaurants
466,Restaurants
103,Restaurants
2275,Restaurants
1657,Restaurants
763,Restaurants
2504,Restaurants
1093,Restaurants
2850,Restaurants
138,Restaurants
2376,Restaurants
2797,Restaurants
783,Restaurants
2296,Restaurants
2056,Restaurants
2587,Restaurants
1364,Restaurants
3026,Restaurants
3166,Restaurants
2211,Restaurants
952,Restaurants
297,Restaurants
2139,Restaurants
3274,Restaurants
598,Restaurants
729,Restaurants
1574,Restaurants
223,Restaurants
1630,Restaurants
1262,Restaurants
2884,Restaurants
553,Restaurants
741,Restaurants
390,Restaurants
1057,Restaurants
2910,Restaurants
267,Restaurants
3393,Restaurants
1007,Restaurants
3277,Restaurants
1102,Restaurants
717,Restaurants
1286,Restaurants
120,Restaurants
3425,Restaurants
2747,Restaurants
2788,Restaurants
3115,Restaurants
2869,Restaurants
2169,Restaurants
163,Restaurants
1261,Restaurants
1233,Restaurants
2479,Restaurants
2636,Restaurants
1683,Restaurants
395,Restaurants
2122,Restaurants
975,Restaurants
3565,Restaurants
2579,Restaurants
3120,Restaurants
3311,Restaurants
1933,Restaurants
2303,Restaurants
2916,Restaurants
483,Restaurants
2982,Restaurants
825,Restaurants
1830,Restaurants
1009,Restaurants
2592,Restaurants
1236,Restaurants
643,Restaurants
311,Restaurants
966,Restaurants
1678,Restaurants
2228,Restaurants
1489,Restaurants
2624,Restaurants
2194,Restaurants
2489,Restaurants
3163,Restaurants
1643,Restaurants
2326,Restaurants
3215,Restaurants
159,Restaurants
1520,Restaurants
